PID,B,L,H,Bx,Ly,ReF,MCODE1,MCODE2,MCODE3
1,0,0,-1.24871730804443E-05,-34.4633827209473,-61.7702140808105,7,0,0,0
2,0,0,-1.17838062578812E-05,-33.6048774719238,-61.2574081420898,7,0,0,0
3,0,0,-1.10804394353181E-05,-32.7463722229004,-60.7446022033691,7,0,0,0
4,0,0,-1.0377072612755E-05,-31.8878688812256,-60.2317924499512,7,0,0,0
5,0,0,-9.68297354120295E-06,-31.0397186279297,-59.7029609680176,7,0,0,0
6,0,0,-9.01376461115433E-06,-30.2193660736084,-59.131103515625,7,0,0,0
7,0,0,-8.3445565906004E-06,-29.3990135192871,-58.5592460632324,7,0,0,0
8,0,0,-7.67534857004648E-06,-28.5786609649658,-57.9873886108398,7,0,0,0
9,0,0,-6.96426013746532E-06,-27.7546710968018,-57.420783996582,7,0,0,0
10,0,0,-6.25213579041883E-06,-26.9305934906006,-56.8543090820313,7,0,0,0
11,0,0,-5.5400118981197E-06,-26.1065158843994,-56.2878341674805,7,0,0,0
12,0,0,-4.90300180899794E-06,-25.2964649200439,-55.7017211914063,7,0,0,0
13,0,0,-4.30303407483734E-06,-24.4933319091797,-55.1059226989746,7,0,0,0
14,0,0,-3.70306679542409E-06,-23.6901988983154,-54.510124206543,7,0,0,0
15,0,0,-3.060331209781E-06,-22.8886299133301,-53.9122276306152,7,0,0,0
16,0,0,-2.351060629735E-06,-22.0894947052002,-53.3110771179199,7,0,0,0
17,0,0,-1.64179027706268E-06,-21.2903614044189,-52.7099227905273,7,0,0,0
18,0,0,-9.48152148794179E-07,-20.4967765808105,-52.1019592285156,7,0,0,0
19,0,0,-3.76174511984573E-07,-19.7463798522949,-51.4409713745117,7,0,0,0
20,0,0,1.95803124825034E-07,-18.9959850311279,-50.7799835205078,7,0,0,0
21,0,0,7.67780079513614E-07,-18.2455902099609,-50.1189956665039,7,0,0,0
22,0,0,1.46659601796273E-06,-17.4813594818115,-49.4740982055664,7,0,0,0
23,0,0,2.18215245695319E-06,-16.7152996063232,-48.8313293457031,7,0,0,0
24,0,0,2.89770878225681E-06,-15.9492416381836,-48.1885566711426,7,0,0,0
25,0,0,3.60183594239061E-06,-15.2337465286255,-47.4921798706055,7,0,0,0
26,0,0,4.29938609158853E-06,-14.547345161438,-46.7649574279785,7,0,0,0
27,0,0,4.9969357860391E-06,-13.8609428405762,-46.0377349853516,7,0,0,0
28,0,0,5.66885000807815E-06,-13.1599779129028,-45.3249282836914,7,0,0,0
29,0,0,6.30684462521458E-06,-12.4397439956665,-44.6311988830566,7,0,0,0
30,0,0,6.94483924235101E-06,-11.7195100784302,-43.9374656677246,7,0,0,0
31,0,0,7.57202133172541E-06,-11.0166044235229,-43.2276840209961,7,0,0,0
32,0,0,8.15785369923105E-06,-10.3799629211426,-42.4565238952637,7,0,0,0
33,0,0,8.74368561198935E-06,-9.74332141876221,-41.6853637695313,7,0,0,0
34,0,0,9.32955936150393E-06,-9.10673999786377,-40.9141540527344,7,0,0,0
35,0,0,9.93294452200644E-06,-8.49550151824951,-40.1227073669434,7,0,0,0
36,0,0,1.05363305920037E-05,-7.88426303863525,-39.3312606811523,7,0,0,0
37,0,0,1.11397157525062E-05,-7.27302408218384,-38.5398139953613,7,0,0,0
38,0,0,1.1667340004351E-05,-6.70557594299316,-37.716869354248,7,0,0,0
39,0,0,1.2175055417174E-05,-6.14963531494141,-36.8856468200684,7,0,0,0
40,0,0,1.26827717394917E-05,-5.59369468688965,-36.0544242858887,7,0,0,0
41,0,0,1.28163492263411E-05,-5.04998445510864,-35.2152481079102,7,0,0,0
42,0,0,1.26600725707249E-05,-4.51574993133545,-34.3699111938477,7,0,0,0
43,0,0,1.25037968246033E-05,-3.9815149307251,-33.5245742797852,7,0,0,0
44,0,0,1.2365531802061E-05,-3.46082139015198,-32.6711387634277,7,0,0,0
45,0,0,1.22652763820952E-05,-2.96870446205139,-31.800609588623,7,0,0,0
46,0,0,1.21650209621293E-05,-2.47658753395081,-30.9300804138184,7,0,0,0
47,0,0,1.206476099469E-05,-1.98383831977844,-30.0599155426025,7,0,0,0
48,0,0,1.19644046208123E-05,-1.47946918010712,-29.1964282989502,7,0,0,0
49,0,0,1.18640482469345E-05,-0.975100219249725,-28.3329391479492,7,0,0,0
50,0,0,1.17636918730568E-05,-0.470730900764465,-27.4694519042969,7,0,0,0
51,0,0,1.16432338472805E-05,-0.0114635527133942,-26.5815601348877,7,0,0,0
52,0,0,1.15172697405797E-05,0.435450702905655,-25.6869831085205,7,0,0,0
53,0,0,1.13913047243841E-05,0.882365047931671,-24.7924060821533,7,0,0,0
54,0,0,1.12866773633868E-05,1.32822489738464,-23.8973045349121,7,0,0,0
55,0,0,1.12058542072191E-05,1.77290797233582,-23.0016174316406,7,0,0,0
56,0,0,1.11250301415566E-05,2.21759080886841,-22.1059303283691,7,0,0,0
57,0,0,1.10457967821276E-05,2.65300512313843,-21.2060165405273,7,0,0,0
58,0,0,1.0975290024362E-05,3.03754329681396,-20.2829074859619,7,0,0,0
59,0,0,1.09047832665965E-05,3.4220814704895,-19.3597984313965,7,0,0,0
60,0,0,1.0834276508831E-05,3.80661940574646,-18.4366893768311,7,0,0,0
61,0,0,1.07717887658509E-05,4.13917303085327,-17.4940853118896,7,0,0,0
62,0,0,1.0711661161622E-05,4.45642614364624,-16.5457439422607,7,0,0,0
63,0,0,1.06515344668878E-05,4.77367973327637,-15.5974035263062,7,0,0,0
64,0,0,1.06017314465134E-05,5.10080337524414,-14.6525554656982,7,0,0,0
65,0,0,1.05756744233076E-05,5.4506311416626,-13.7157411575317,7,0,0,0
66,0,0,1.05496174001019E-05,5.80045890808105,-12.7789268493652,7,0,0,0
67,0,0,1.05235603768961E-05,6.15028619766235,-11.8421125411987,7,0,0,0
68,0,0,1.05352601167397E-05,6.48707580566406,-10.9005479812622,7,0,0,0
69,0,0,1.05525123217376E-05,6.82194805145264,-9.95828437805176,7,0,0,0
70,0,0,1.05697645267355E-05,7.15682029724121,-9.01602077484131,7,0,0,0
71,0,0,1.0586728421913E-05,7.45363140106201,-8.06224346160889,7,0,0,0
72,0,0,1.0603291229927E-05,7.69719934463501,-7.09235954284668,7,0,0,0
73,0,0,1.06198531284463E-05,7.94076728820801,-6.12247562408447,7,0,0,0
74,0,0,1.06364159364603E-05,8.18433475494385,-5.15259170532227,7,0,0,0
75,0,0,1.06394290924072E-05,8.4490966796875,-4.18833351135254,7,0,0,0
76,0,0,1.06394290924072E-05,8.71857261657715,-3.22532653808594,7,0,0,0
77,0,0,1.06394290924072E-05,8.9880485534668,-2.26231956481934,7,0,0,0
78,0,0,1.06373390735826E-05,9.24074172973633,-1.29521667957306,7,0,0,0
79,0,0,1.06292427517474E-05,9.44518661499023,-0.316338717937469,7,0,0,0
80,0,0,1.06211464299122E-05,9.64963245391846,0.662539184093475,7,0,0,0
81,0,0,1.06130491985823E-05,9.85407829284668,1.64141726493835,7,0,0,0
82,0,0,1.05524168247939E-05,10.0825576782227,2.61473703384399,7,0,0,0
83,0,0,1.04533146441099E-05,10.3286361694336,3.58398699760437,7,0,0,0
84,0,0,1.03542133729206E-05,10.5747146606445,4.55323696136475,7,0,0,0
85,0,0,1.02551111922367E-05,10.8207931518555,5.52248668670654,7,0,0,0
86,0,0,1.02519989013672E-05,11.0000524520874,6.50621128082275,7,0,0,0
87,0,0,1.02519989013672E-05,11.1771450042725,7.49040555953979,7,0,0,0
88,0,0,1.02519989013672E-05,11.3542366027832,8.47459983825684,7,0,0,0
89,0,0,1.02431895356858E-05,11.530327796936,9.45897197723389,7,0,0,0
90,0,0,1.02035673990031E-05,11.702917098999,10.4439659118652,7,0,0,0
91,0,0,1.01639443528256E-05,11.8755054473877,11.4289598464966,7,0,0,0
92,0,0,1.01243222161429E-05,12.0480947494507,12.4139537811279,7,0,0,0
93,0,0,1.00994147942401E-05,12.203351020813,13.4016466140747,7,0,0,0
94,0,0,1.00916759038228E-05,12.3383874893188,14.3924875259399,7,0,0,0
95,0,0,1.00839370134054E-05,12.4734239578247,15.3833284378052,7,0,0,0
96,0,0,1.00761972134933E-05,12.6084604263306,16.3741683959961,7,0,0,0
97,0,0,1.00825827757944E-05,12.7390079498291,17.3656044006348,7,0,0,0
98,0,0,1.00979705166537E-05,12.8666944503784,18.3574180603027,7,0,0,0
99,0,0,1.0113358257513E-05,12.9943809509277,19.3492317199707,7,0,0,0
100,0,0,1.01287459983723E-05,13.1220674514771,20.3410453796387,7,0,0,0
101,0,0,1.01272089523263E-05,13.2326631546021,21.3348579406738,7,0,0,0
102,0,0,1.01196392279235E-05,13.3371658325195,22.329381942749,7,0,0,0
103,0,0,1.01120695035206E-05,13.441668510437,23.3239059448242,7,0,0,0
104,0,0,1.01044997791178E-05,13.5461702346802,24.3184299468994,7,0,0,0
105,0,0,1.00910801847931E-05,13.631799697876,25.3147125244141,7,0,0,0
106,0,0,1.00761999419774E-05,13.7127151489258,26.3114337921143,7,0,0,0
107,0,0,1.00613196991617E-05,13.7936305999756,27.3081550598145,7,0,0,0
108,0,0,1.0046439456346E-05,13.8745460510254,28.3048763275146,7,0,0,0
109,0,0,1.00551678769989E-05,13.9532480239868,29.3017730712891,7,0,0,0
110,0,0,1.00699999165954E-05,14.0313777923584,30.2987155914307,7,0,0,0
111,0,0,1.00848319561919E-05,14.10950756073,31.2956581115723,7,0,0,0
112,0,0,1.00996639957884E-05,14.1876363754272,32.2926025390625,7,0,0,0
113,0,0,1.01365594673553E-05,14.2371215820313,33.291259765625,7,0,0,0
114,0,0,1.0179825949308E-05,14.2783355712891,34.2904090881348,7,0,0,0
115,0,0,1.0223091521766E-05,14.3195495605469,35.2895584106445,7,0,0,0
116,0,0,1.02663580037188E-05,14.3607635498047,36.2887077331543,7,0,0,0
117,0,0,1.03046677395469E-05,14.391429901123,37.2882080078125,7,0,0,0
118,0,0,1.03402271633968E-05,14.4162406921387,38.287899017334,7,0,0,0
119,0,0,1.0375785677752E-05,14.4410514831543,39.2875900268555,7,0,0,0
120,0,0,1.04113451016019E-05,14.4658613204956,40.287281036377,7,0,0,0
121,0,0,1.04123309938586E-05,14.4672269821167,41.2869491577148,7,0,0,0
122,0,0,1.03714892247808E-05,14.4402275085449,42.2865829467773,7,0,0,0
123,0,0,1.0330647455703E-05,14.4132280349731,43.2862167358398,7,0,0,0
124,0,0,1.02898056866252E-05,14.3862295150757,44.2858505249023,7,0,0,0
125,0,0,1.02514995887759E-05,14.3581762313843,45.2854499816895,7,0,0,0
126,0,0,1.02447856988874E-05,14.3169927597046,46.2846031188965,7,0,0,0
127,0,0,1.02380718089989E-05,14.2758092880249,47.2837562561035,7,0,0,0
128,0,0,1.02313579191105E-05,14.2346258163452,48.2829093933105,7,0,0,0
129,0,0,1.02246431197273E-05,14.1934432983398,49.2820625305176,7,0,0,0
130,0,0,1.02221965789795E-05,14.1354446411133,50.2802963256836,7,0,0,0
131,0,0,1.02221965789795E-05,14.0678043365479,51.2780075073242,7,0,0,0
132,0,0,1.02221965789795E-05,14.0001640319824,52.2757186889648,7,0,0,0
133,0,0,1.02221965789795E-05,13.9325227737427,53.2734298706055,7,0,0,0
134,0,0,1.02221965789795E-05,13.8636322021484,54.2710456848145,7,0,0,0
135,0,0,1.02221965789795E-05,13.7807731628418,55.2676086425781,7,0,0,0
136,0,0,1.02221965789795E-05,13.6979141235352,56.2641716003418,7,0,0,0
137,0,0,1.02221965789795E-05,13.6150550842285,57.2607345581055,7,0,0,0
138,0,0,1.02221965789795E-05,13.5321960449219,58.2572975158691,7,0,0,0
139,0,0,1.02221965789795E-05,13.4401159286499,59.2529983520508,7,0,0,0
140,0,0,1.02221965789795E-05,13.3370380401611,60.247673034668,7,0,0,0
141,0,0,1.02221965789795E-05,13.2339601516724,61.2423477172852,7,0,0,0
142,0,0,1.02221965789795E-05,13.1308822631836,62.2370223999023,7,0,0,0
143,0,0,1.02221965789795E-05,13.0278043746948,63.2316970825195,7,0,0,0
144,0,0,1.02221965789795E-05,13,63.5,7,0,0,0
145,0,0,1.02233880170388E-05,16.3179759979248,63.6479873657227,7,0,0,0
146,0,0,1.02233880170388E-05,16.3906230926514,62.6506309509277,7,0,0,0
147,0,0,1.02233880170388E-05,16.4632701873779,61.6532745361328,7,0,0,0
148,0,0,1.02233880170388E-05,16.5359153747559,60.6559181213379,7,0,0,0
149,0,0,1.02233880170388E-05,16.6085624694824,59.658561706543,7,0,0,0
150,0,0,1.02233880170388E-05,16.6991424560547,58.6626739501953,7,0,0,0
151,0,0,1.02233880170388E-05,16.7898406982422,57.6667938232422,7,0,0,0
152,0,0,1.02233880170388E-05,16.8805389404297,56.6709136962891,7,0,0,0
153,0,0,1.02233880170388E-05,16.9711132049561,55.6750259399414,7,0,0,0
154,0,0,1.02233880170388E-05,17.0209846496582,54.67626953125,7,0,0,0
155,0,0,1.02233880170388E-05,17.070858001709,53.6775131225586,7,0,0,0
156,0,0,1.02233880170388E-05,17.1207294464111,52.6787567138672,7,0,0,0
157,0,0,1.02233880170388E-05,17.1699085235596,51.6799697875977,7,0,0,0
158,0,0,1.02233880170388E-05,17.2099857330322,50.6807746887207,7,0,0,0
159,0,0,1.02233880170388E-05,17.2500629425049,49.6815795898438,7,0,0,0
160,0,0,1.02233880170388E-05,17.2901401519775,48.6823844909668,7,0,0,0
161,0,0,1.02258536571753E-05,17.3339881896973,47.6833801269531,7,0,0,0
162,0,0,1.02400354080601E-05,17.3957576751709,46.6852912902832,7,0,0,0
163,0,0,1.02542171589448E-05,17.4575271606445,45.6872024536133,7,0,0,0
164,0,0,1.02683989098296E-05,17.5192966461182,44.6891136169434,7,0,0,0
165,0,0,1.02914218587102E-05,17.5604553222656,43.6904716491699,7,0,0,0
166,0,0,1.03357278931071E-05,17.5520076751709,42.6905059814453,7,0,0,0
167,0,0,1.03800330180093E-05,17.5435600280762,41.6905403137207,7,0,0,0
168,0,0,1.04243390524061E-05,17.5351142883301,40.6905746459961,7,0,0,0
169,0,0,1.04252503660973E-05,17.5196208953857,39.6907234191895,7,0,0,0
170,0,0,1.03787597254268E-05,17.4964294433594,38.6909942626953,7,0,0,0
171,0,0,1.03322690847563E-05,17.473237991333,37.6912612915039,7,0,0,0
172,0,0,1.02857784440857E-05,17.4500465393066,36.6915321350098,7,0,0,0
173,0,0,1.02440035334439E-05,17.3928413391113,35.6934242248535,7,0,0,0
174,0,0,1.0204281352344E-05,17.3208236694336,34.6960220336914,7,0,0,0
175,0,0,1.0164559171244E-05,17.2488059997559,33.6986198425293,7,0,0,0
176,0,0,1.01248369901441E-05,17.1767902374268,32.7012176513672,7,0,0,0
177,0,0,1.01051427918719E-05,17.1375484466553,31.7020130157471,7,0,0,0
178,0,0,1.0086396287079E-05,17.0998573303223,30.7027244567871,7,0,0,0
179,0,0,1.00676488727913E-05,17.0621643066406,29.7034358978271,7,0,0,0
180,0,0,1.00548495538533E-05,17.0090370178223,28.7052364349365,7,0,0,0
181,0,0,1.00612805908895E-05,16.9060020446777,27.7105579376221,7,0,0,0
182,0,0,1.00677116279257E-05,16.8029689788818,26.7158794403076,7,0,0,0
183,0,0,1.00741435744567E-05,16.6999340057373,25.7212009429932,7,0,0,0
184,0,0,1.00859533631592E-05,16.5962009429932,24.7265968322754,7,0,0,0
185,0,0,1.01020796137163E-05,16.4919052124023,23.7320499420166,7,0,0,0
186,0,0,1.01182067737682E-05,16.3876094818115,22.7375030517578,7,0,0,0
187,0,0,1.01343330243253E-05,16.2833137512207,21.742956161499,7,0,0,0
188,0,0,1.01268115031417E-05,16.180139541626,20.7482929229736,7,0,0,0
189,0,0,1.01167388493195E-05,16.0770854949951,19.7536163330078,7,0,0,0
190,0,0,1.01066661954974E-05,15.9740324020386,18.758939743042,7,0,0,0
191,0,0,1.00948454928584E-05,15.8545780181885,17.7664546966553,7,0,0,0
192,0,0,1.00785255199298E-05,15.6929025650024,16.7796115875244,7,0,0,0
193,0,0,1.00622055470012E-05,15.5312271118164,15.7927675247192,7,0,0,0
194,0,0,1.00458855740726E-05,15.3695526123047,14.8059234619141,7,0,0,0
195,0,0,1.00628994914587E-05,15.2066049575806,13.8192892074585,7,0,0,0
196,0,0,1.00956140158814E-05,15.0430583953857,12.8327531814575,7,0,0,0
197,0,0,1.01283285403042E-05,14.8795118331909,11.8462171554565,7,0,0,0
198,0,0,1.01610421552323E-05,14.7159652709961,10.8596811294556,7,0,0,0
199,0,0,1.01870464277454E-05,14.551344871521,9.87332630157471,7,0,0,0
200,0,0,1.01930236269254E-05,14.3835172653198,8.88751029968262,7,0,0,0
201,0,0,1.01990017356002E-05,14.215690612793,7.90169382095337,7,0,0,0
202,0,0,1.02049789347802E-05,14.0478630065918,6.91587734222412,7,0,0,0
203,0,0,1.0210957043455E-05,13.8800363540649,5.93006086349487,7,0,0,0
204,0,0,1.0194516107731E-05,13.6878538131714,4.94876861572266,7,0,0,0
205,0,0,1.01732584880665E-05,13.490439414978,3.96844863891602,7,0,0,0
206,0,0,1.0152000868402E-05,13.2930250167847,2.98812866210938,7,0,0,0
207,0,0,1.01307432487374E-05,13.095609664917,2.00780868530273,7,0,0,0
208,0,0,1.01352607089211E-05,12.8725652694702,1.03323101997375,7,0,0,0
209,0,0,1.01565810837201E-05,12.6328134536743,0.0623968839645386,7,0,0,0
210,0,0,1.0177901458519E-05,12.3930616378784,-0.908437252044678,7,0,0,0
211,0,0,1.0199221833318E-05,12.1533088684082,-1.8792712688446,7,0,0,0
212,0,0,1.0202649718849E-05,11.9138870239258,-2.85018682479858,7,0,0,0
213,0,0,1.02003541542217E-05,11.6745710372925,-3.82112860679626,7,0,0,0
214,0,0,1.01980585895944E-05,11.4352550506592,-4.79207038879395,7,0,0,0
215,0,0,1.01957639344619E-05,11.1959390640259,-5.76301193237305,7,0,0,0
216,0,0,1.01932146208128E-05,10.9139976501465,-6.72189855575562,7,0,0,0
217,0,0,1.01905307019479E-05,10.609354019165,-7.67436504364014,7,0,0,0
218,0,0,1.01878467830829E-05,10.3047103881836,-8.6268310546875,7,0,0,0
219,0,0,1.01851619547233E-05,10.0000667572021,-9.57929706573486,7,0,0,0
220,0,0,1.01687401183881E-05,9.70616436004639,-10.5351314544678,7,0,0,0
221,0,0,1.01520899988827E-05,9.41244125366211,-11.4910221099854,7,0,0,0
222,0,0,1.01354389698827E-05,9.11871719360352,-12.4469127655029,7,0,0,0
223,0,0,1.01203931990312E-05,8.8082275390625,-13.3968963623047,7,0,0,0
224,0,0,1.01110736068222E-05,8.43792533874512,-14.3258075714111,7,0,0,0
225,0,0,1.01017549241078E-05,8.06762313842773,-15.2547187805176,7,0,0,0
226,0,0,1.00924353318987E-05,7.69732093811035,-16.183629989624,7,0,0,0
227,0,0,1.01000550785102E-05,7.32241630554199,-17.1106338500977,7,0,0,0
228,0,0,1.01820651252638E-05,6.92729997634888,-18.0292644500732,7,0,0,0
229,0,0,1.02640751720173E-05,6.53218364715576,-18.9478950500488,7,0,0,0
230,0,0,1.03460843092762E-05,6.1370677947998,-19.8665256500244,7,0,0,0
231,0,0,1.04255004771403E-05,5.74153184890747,-20.7849750518799,7,0,0,0
232,0,0,1.04729560916894E-05,5.34081792831421,-21.7011775970459,7,0,0,0
233,0,0,1.05204117062385E-05,4.94010400772095,-22.6173801422119,7,0,0,0
234,0,0,1.05678664112929E-05,4.53939056396484,-23.5335826873779,7,0,0,0
235,0,0,1.06473371488391E-05,4.1356840133667,-24.4484634399414,7,0,0,0
236,0,0,1.07688856587629E-05,3.72804260253906,-25.3616046905518,7,0,0,0
237,0,0,1.08904341686866E-05,3.32040119171143,-26.2747459411621,7,0,0,0
238,0,0,1.10119817691157E-05,2.91276025772095,-27.1878890991211,7,0,0,0
239,0,0,1.11333574750461E-05,2.44971990585327,-28.0741386413574,7,0,0,0
240,0,0,1.12547259050189E-05,1.98441028594971,-28.959285736084,7,0,0,0
241,0,0,1.13760943349916E-05,1.51910090446472,-29.8444328308105,7,0,0,0
242,0,0,1.14851027319673E-05,1.04892754554749,-30.7269802093506,7,0,0,0
243,0,0,1.15753409772879E-05,0.571365654468536,-31.6055774688721,7,0,0,0
244,0,0,1.16655792226084E-05,0.0938039124011993,-32.4841766357422,7,0,0,0
245,0,0,1.17558183774236E-05,-0.383758217096329,-33.3627738952637,7,0,0,0
246,0,0,1.19087344501168E-05,-0.921844482421875,-34.2053489685059,7,0,0,0
247,0,0,1.2068362593709E-05,-1.46641230583191,-35.0440673828125,7,0,0,0
248,0,0,1.22279907373013E-05,-2.0109806060791,-35.8827857971191,7,0,0,0
249,0,0,1.2313535080466E-05,-2.55954909324646,-36.718807220459,7,0,0,0
250,0,0,1.19420838018414E-05,-3.13278865814209,-37.5381965637207,7,0,0,0
251,0,0,1.15706325232168E-05,-3.7060284614563,-38.3575859069824,7,0,0,0
252,0,0,1.11991812445922E-05,-4.27926874160767,-39.1769714355469,7,0,0,0
253,0,0,1.07968580778106E-05,-4.85395431518555,-39.9953346252441,7,0,0,0
254,0,0,1.02185422292678E-05,-5.43688678741455,-40.8078536987305,7,0,0,0
255,0,0,9.64022638072493E-06,-6.0198187828064,-41.6203765869141,7,0,0,0
256,0,0,9.06190962268738E-06,-6.6027512550354,-42.4328956604004,7,0,0,0
257,0,0,8.47907176648732E-06,-7.19835996627808,-43.2356796264648,7,0,0,0
258,0,0,7.88227589509916E-06,-7.83309698104858,-44.0084075927734,7,0,0,0
259,0,0,7.28548002371099E-06,-8.46783447265625,-44.781135559082,7,0,0,0
260,0,0,6.68868460707017E-06,-9.10257148742676,-45.5538635253906,7,0,0,0
261,0,0,6.08153413850232E-06,-9.77135467529297,-46.2961730957031,7,0,0,0
262,0,0,5.46592082173447E-06,-10.467963218689,-47.0136260986328,7,0,0,0
263,0,0,4.85030750496662E-06,-11.164571762085,-47.7310791015625,7,0,0,0
264,0,0,4.23469373345142E-06,-11.861180305481,-48.4485321044922,7,0,0,0
265,0,0,3.61907950718887E-06,-12.5577898025513,-49.1659812927246,7,0,0,0
266,0,0,2.93840525955602E-06,-13.2954454421997,-49.841136932373,7,0,0,0
267,0,0,2.257208507217E-06,-14.0334300994873,-50.5159530639648,7,0,0,0
268,0,0,1.57601209593849E-06,-14.7714147567749,-51.1907691955566,7,0,0,0
269,0,0,8.9481613940734E-07,-15.5093994140625,-51.8655853271484,7,0,0,0
270,0,0,2.73213856871735E-07,-16.2744312286377,-52.5082130432129,7,0,0,0
271,0,0,-2.8915053462697E-07,-17.066349029541,-53.118839263916,7,0,0,0
272,0,0,-8.51514755595417E-07,-17.8582668304443,-53.7294654846191,7,0,0,0
273,0,0,-1.41387863550335E-06,-18.6501846313477,-54.3400955200195,7,0,0,0
274,0,0,-2.06487266041222E-06,-19.4077968597412,-54.9916763305664,7,0,0,0
275,0,0,-2.76141622634896E-06,-20.1477756500244,-55.664306640625,7,0,0,0
276,0,0,-3.45796001965937E-06,-20.8877544403076,-56.3369369506836,7,0,0,0
277,0,0,-4.12034796681837E-06,-21.663179397583,-56.9649314880371,7,0,0,0
278,0,0,-4.73709042125847E-06,-22.4859714508057,-57.5332717895508,7,0,0,0
279,0,0,-5.35383242095122E-06,-23.3087635040283,-58.1016159057617,7,0,0,0
280,0,0,-5.97185862716287E-06,-24.1298904418945,-58.6723403930664,7,0,0,0
281,0,0,-6.59383840684313E-06,-24.9458808898926,-59.2504081726074,7,0,0,0
282,0,0,-7.21581909601809E-06,-25.7618713378906,-59.8284721374512,7,0,0,0
283,0,0,-7.84819803811843E-06,-26.5866012573242,-60.3932685852051,7,0,0,0
284,0,0,-8.51462209539022E-06,-27.4399490356445,-60.9146118164063,7,0,0,0
285,0,0,-9.18104706215672E-06,-28.2932968139648,-61.4359550476074,7,0,0,0
286,0,0,-9.86673876468558E-06,-29.1369075775146,-61.9728355407715,7,0,0,0
287,0,0,-1.05570325104054E-05,-29.9781932830811,-62.513427734375,7,0,0,0
288,0,0,-1.12614679892431E-05,-30.8213043212891,-63.0511283874512,7,0,0,0
289,0,0,-1.20166123451781E-05,-31.6709671020508,-63.5784568786621,7,0,0,0
290,0,0,-1.27717576106079E-05,-32.5206298828125,-64.1057815551758,7,0,0,0
291,0,0,-1.28461251733825E-05,-32.604305267334,-64.15771484375,7,0,0,0
292,0,0,0,-33.6723747253418,-62.8080253601074,7,0,0,0
293,0,0,0,-30.1536674499512,-60.8174629211426,7,0,0,0
294,0,0,0,-30.1536674499512,-60.8174629211426,7,0,0,0
295,0,0,0,-26.6976432800293,-58.656810760498,7,0,0,0
296,0,0,0,-26.6976432800293,-58.656810760498,7,0,0,0
297,0,0,1.81898940354586E-12,-23.2730770111084,-56.3260345458984,7,0,0,0
298,0,0,1.81898940354586E-12,-23.2730770111084,-56.3260345458984,7,0,0,0
299,0,0,-1.81898940354586E-12,-20.0142498016357,-53.8251342773438,7,0,0,0
300,0,0,-1.81898940354586E-12,-20.0142498016357,-53.8251342773438,7,0,0,0
301,0,0,1.81898940354586E-12,-16.8504047393799,-51.1540756225586,7,0,0,0
302,0,0,1.81898940354586E-12,-16.8504047393799,-51.1540756225586,7,0,0,0
303,0,0,7.27595761418343E-11,-13.7550449371338,-48.3129348754883,7,0,0,0
304,0,0,7.27595761418343E-11,-13.7550449371338,-48.3129348754883,7,0,0,0
305,0,0,1.81898940354586E-12,-10.7867240905762,-45.3016662597656,7,0,0,0
306,0,0,1.81898940354586E-12,-10.7867240905762,-45.3016662597656,7,0,0,0
307,0,0,3.63797880709171E-12,-8.05491733551025,-42.120246887207,7,0,0,0
308,0,0,3.63797880709171E-12,-8.05491733551025,-42.120246887207,7,0,0,0
309,0,0,0,-5.63019800186157,-38.7687301635742,7,0,0,0
310,0,0,0,-5.63019800186157,-38.7687301635742,7,0,0,0
311,0,0,3.72892827726901E-11,-3.27543163299561,-35.2470855712891,7,0,0,0
312,0,0,3.72892827726901E-11,-3.27543163299561,-35.2470855712891,7,0,0,0
313,0,0,-9.09494701772928E-13,-1.07623302936554,-31.5553092956543,7,0,0,0
314,0,0,-9.09494701772928E-13,-1.07623302936554,-31.5553092956543,7,0,0,0
315,0,0,3.72892827726901E-11,1.09670650959015,-27.6934013366699,7,0,0,0
316,0,0,3.72892827726901E-11,1.09670650959015,-27.6934013366699,7,0,0,0
317,0,0,3.45607986673713E-11,3.0295729637146,-23.6613845825195,7,0,0,0
318,0,0,3.45607986673713E-11,3.0295729637146,-23.6613845825195,7,0,0,0
319,0,0,1.81898940354586E-12,4.92478895187378,-19.4592361450195,7,0,0,0
320,0,0,1.81898940354586E-12,4.92478895187378,-19.4592361450195,7,0,0,0
321,0,0,5.6843418860808E-14,6.59674167633057,-15.086971282959,7,0,0,0
322,0,0,5.6843418860808E-14,6.59674167633057,-15.086971282959,7,0,0,0
323,0,0,1.18234311230481E-11,8.20291137695313,-10.5445833206177,7,0,0,0
324,0,0,1.18234311230481E-11,8.20291137695313,-10.5445833206177,7,0,0,0
325,0,0,0,9.63399887084961,-5.83206129074097,7,0,0,0
326,0,0,0,9.63399887084961,-5.83206129074097,7,0,0,0
327,0,0,0,10.9400339126587,-0.949433326721191,7,0,0,0
328,0,0,0,10.9400339126587,-0.949433326721191,7,0,0,0
329,0,0,0,12.0728931427002,4.10333061218262,7,0,0,0
330,0,0,0,12.0728931427002,4.10333061218262,7,0,0,0
331,0,0,-9.09494701772928E-13,13.0971555709839,9.32621574401855,7,0,0,0
332,0,0,-9.09494701772928E-13,13.0971555709839,9.32621574401855,7,0,0,0
333,0,0,-1.81898940354586E-12,13.9955940246582,14.7192211151123,7,0,0,0
334,0,0,-1.81898940354586E-12,13.9955940246582,14.7192211151123,7,0,0,0
335,0,0,0,14.6871376037598,20.2823543548584,7,0,0,0
336,0,0,0,14.6871376037598,20.2823543548584,7,0,0,0
337,0,0,7.45785655453801E-11,15.2555599212646,26.0156154632568,7,0,0,0
338,0,0,7.45785655453801E-11,15.2555599212646,26.0156154632568,7,0,0,0
339,0,0,-1.81898940354586E-12,15.7339668273926,31.9189910888672,7,0,0,0
340,0,0,-1.81898940354586E-12,15.7339668273926,31.9189910888672,7,0,0,0
341,0,0,-7.45785655453801E-11,15.9012813568115,37.9925003051758,7,0,0,0
342,0,0,-7.45785655453801E-11,15.9012813568115,37.9925003051758,7,0,0,0
343,0,0,0,15.9489498138428,44.2361221313477,7,0,0,0
344,0,0,0,15.9489498138428,44.2361221313477,7,0,0,0
345,0,0,0,15.6871128082275,50.6498794555664,7,0,0,0
346,0,0,0,15.6871128082275,50.6498794555664,7,0,0,0
347,0,0,0,15.1933841705322,57.2337493896484,7,0,0,0
348,0,0,0,15.1933841705322,57.2337493896484,7,0,0,0
349,0,0,0,14.6883945465088,63.9877471923828,7,0,0,0
